node_id,lon,lat,road_names,way_ids
4418948288,113.3130729,23.1223637,华穗路 | 花城大道,199898039 | 444433525 | 448790074 | 462131779
4575367456,113.3129847,23.1223685,华穗路 | 花城大道,199898039 | 462138645 | 462138646 | 481045545
4739868628,113.3157175,23.121395, | 华夏路 | 花城大道,199898412 | 444126149 | 457885320 | 624720029
4419070748,113.3129654,23.1220725,华穗路 | 花城大道,233525478 | 444428461 | 450614677 | 462138646
4575302669,113.3130492,23.1220664,华穗路 | 花城大道,233525478 | 462131778 | 462131779 | 734144749
4539469296,113.3158931,23.1220911,华夏路 | 花城大道,248407677 | 457886990 | 457886991 | 995559512
4539457219,113.3157379,23.1219144,华夏路 | 花城大道,457885320 | 457885321 | 481045546 | 995559508
3663701895,113.3158887,23.12191,华夏路 | 花城大道,457885321 | 526242005 | 995559511 | 995559512
4416227872,113.3157381,23.1221158,华夏路 | 花城大道,457886991 | 995559506 | 995559507 | 995559508
