id,name,highway,length_in_roi_m,lanes,width,lanes:forward,lanes:backward,turn:lanes,oneway,bridge,tunnel,layer,sidewalk,cycleway,surface,current_build_filter
w29142233,华成路,tertiary,75.38,,,,,,,,,,,,,needs_full_build_rules
w184740438,华政街,unclassified,274.98,,,,,,,,,,,,,needs_full_build_rules
w199898039,花城大道,primary,9.05,,,,,,yes,,,,,,,needs_full_build_rules
w199898409,,secondary_link,73.7,,,,,,yes,,,,,,,needs_full_build_rules
w199898412,花城大道,secondary_link,95.27,,,,,,yes,,,,,,,needs_full_build_rules
w233525478,花城大道,primary,8.61,3,,,,,yes,,,,,,,needs_full_build_rules
w248407674,,secondary_link,79.26,,,,,,yes,,,,,,,needs_full_build_rules
w248407676,,secondary_link,75.57,,,,,,yes,,,,,,,needs_full_build_rules
w248407677,花城大道,primary,170.79,,,,,,yes,,,,,,,needs_full_build_rules
w248407678,,secondary_link,69.56,,,,,,yes,,,,,,,needs_full_build_rules
w248407682,CBD隧道,primary,200.94,3,,,,,yes,,yes,-1,no,,,tunnel_excluded
w248407685,CBD隧道,primary,200.57,3,,,,,yes,,yes,-1,no,,,tunnel_excluded
w299795207,,secondary_link,69.34,,,,,,yes,,,,,,,needs_full_build_rules
w444126144,,secondary_link,123.18,,,,,,yes,,,,,,,needs_full_build_rules
w444126145,,secondary_link,108.68,,,,,,yes,,,,,,,needs_full_build_rules
w444126146,,secondary_link,69.03,,,,,,yes,,,,,,,needs_full_build_rules
w444126147,,secondary_link,18.75,,,,,,yes,,,,,,,needs_full_build_rules
w444126149,,secondary_link,21.14,,,,,,yes,,,,,,,needs_full_build_rules
w444149841,,secondary_link,105.12,,,,,,yes,,,,,,,needs_full_build_rules
w444418076,华成路,unclassified,486.84,,,,,,,,,,,,,needs_full_build_rules
w444418079,,tertiary_link,37.54,,,,,,yes,,,,,,,needs_full_build_rules
w444418080,,tertiary_link,39.17,,,,,,yes,,,,,,,needs_full_build_rules
w444428461,华穗路,tertiary,106.34,,,,,,yes,,,,,,,needs_full_build_rules
w444433525,华穗路,tertiary,181.41,,,,,,yes,,,,,,,needs_full_build_rules
w448781892,,service,34.71,,,,,,yes,,,,,,,needs_full_build_rules
w448781893,华夏路,secondary,94.99,,,,,,yes,,,,,,,needs_full_build_rules
w448786344,,secondary_link,47.21,,,,,,yes,,,,,,,needs_full_build_rules
w448786345,,service,65.5,,,,,,yes,,,,,,,needs_full_build_rules
w448790072,珠江西路,secondary,62.86,,,,,,yes,,,,,,,needs_full_build_rules
w448790073,珠江西路,secondary,137.86,,,,,,yes,,,,,,,needs_full_build_rules
w448790074,花城大道,primary,225.16,,,,,,yes,,,,,,,needs_full_build_rules
w450614677,花城大道,primary,201.94,,,,,,yes,,,,,,,needs_full_build_rules
w457885320,华夏路,secondary,57.56,,,,,,yes,,,,,,,needs_full_build_rules
w457885321,花城大道,primary,15.45,3,,,,,yes,,,,,,,needs_full_build_rules
w457886990,华夏路,secondary,7.14,,,,,,yes,,,,,,,needs_full_build_rules
w457886991,花城大道,primary,16.11,,,,,,yes,,,,,,,needs_full_build_rules
w462131778,花城大道,primary,208.93,3,,,,,yes,,,,,,,needs_full_build_rules
w462131779,华穗路,tertiary,33.01,,,,,,yes,,,,,,,needs_full_build_rules
w462138645,华穗路,tertiary,180.9,,,,,,yes,,,,,,,needs_full_build_rules
w462138646,华穗路,tertiary,32.84,,,,,,yes,,,,,,,needs_full_build_rules
w481045539,珠江西路,secondary,43.26,,,,,,yes,,,,,,,needs_full_build_rules
w481045541,华夏路,secondary,152.13,,,,,,yes,,,,,,,needs_full_build_rules
w481045545,花城大道,primary,47.06,,,,,,yes,,,,,,,needs_full_build_rules
w481045546,花城大道,primary,67.0,3,,,,,yes,,,,,,,needs_full_build_rules
w513785001,华政直街,unclassified,62.72,,,,,,,,,,,,,needs_full_build_rules
w513786153,珠江西四街,unclassified,138.95,2,,,,,no,,,,,,,needs_full_build_rules
w513786154,,service,108.4,,,,,,,,,,,,,needs_full_build_rules
w520107251,华明直街,unclassified,19.89,,,,,,,,,,,,,needs_full_build_rules
w526242004,华夏路,secondary,98.26,,,,,,yes,,,,,,,needs_full_build_rules
w526242005,华夏路,secondary,57.92,,,,,,yes,,,,,,,needs_full_build_rules
w526242006,花城大道,primary,120.64,3,,,,,yes,,,,,,,needs_full_build_rules
w544809832,,unclassified,152.57,,,,,,yes,,,,,,,needs_full_build_rules
w544809833,华明直街,unclassified,48.75,,,,,,,,,,,,,needs_full_build_rules
w544809834,华明直街,unclassified,55.79,,,,,,,,,,,,,needs_full_build_rules
w544809835,,unclassified,105.02,,,,,,,,,,,,,needs_full_build_rules
w554611949,,pedestrian,158.21,,,,,,,,,-1,,,,needs_full_build_rules
w554611951,,pedestrian,143.97,,,,,,,,,-1,,,,needs_full_build_rules
w589390785,华夏路,secondary,50.62,,,,,,yes,,,,,,,needs_full_build_rules
w624720024,华夏路,secondary,58.94,,,,,,yes,,,,,,,needs_full_build_rules
w624720029,华夏路,secondary,99.18,,,,,,yes,,,,,,,needs_full_build_rules
w688292104,,service,66.47,,,,,,yes,,building_passage,,,,,needs_full_build_rules
w688292105,,service,17.02,,,,,,yes,,,,,,,needs_full_build_rules
w693763679,华成路,tertiary,67.7,,,,,,,,,,,,,needs_full_build_rules
w693765746,珠江西路,secondary,54.71,,,,,,yes,,,,,,,needs_full_build_rules
w717926122,,primary_link,46.08,,,,,,yes,,,,,,,needs_full_build_rules
w717926157,,primary_link,44.91,,,,,,yes,,,,,,,needs_full_build_rules
w717941982,,service,126.9,,,,,,yes,,,,,,,needs_full_build_rules
w734144749,华穗路,tertiary,106.09,,,,,,yes,,,,,,,needs_full_build_rules
w734144750,华穗路,tertiary,67.87,,,,,,yes,,,,,,,needs_full_build_rules
w734144751,华利北横街,unclassified,198.06,,,,,,,,,,,,,needs_full_build_rules
w734144752,,unclassified,65.0,,,,,,yes,,,,,,,needs_full_build_rules
w734144753,华利北二直街,unclassified,118.18,,,,,,,,,,,,,needs_full_build_rules
w737631342,珠江西路,secondary,100.8,,,,,,yes,,,,,,,needs_full_build_rules
w737870913,,unclassified,54.79,,,,,,,,,,,,,needs_full_build_rules
w993462510,,service,16.24,,,,,,yes,,,,,,,needs_full_build_rules
w995559505,,secondary_link,49.02,,,,,,yes,,,,,,,needs_full_build_rules
w995559506,华夏路,secondary,5.98,,,,,,yes,,,,,,,needs_full_build_rules
w995559507,花城大道,primary,49.28,,,,,,yes,,,,,,,needs_full_build_rules
w995559508,华夏路,secondary,22.3,,,,,,yes,,,,,,,needs_full_build_rules
w995559509,,secondary_link,15.87,,,,,,yes,,,,,,,needs_full_build_rules
w995559510,华夏路,secondary,50.36,,,,,,yes,,,,,,,needs_full_build_rules
w995559511,花城大道,primary,49.64,3,,,,,yes,,,,,,,needs_full_build_rules
w995559512,华夏路,secondary,20.06,,,,,,yes,,,,,,,needs_full_build_rules
w1157862092,花城大道,primary,156.57,,,,,,yes,,,,,,,needs_full_build_rules
w1272406239,华穗路,tertiary,67.45,,,,,,yes,,,,,,,needs_full_build_rules
w1373419750,珠江东路,secondary,158.27,,,,,,yes,,yes,-1,no,,,tunnel_excluded
w1373419751,珠江东路,secondary,52.6,,,,,,yes,,,,,,,needs_full_build_rules
w1374133789,,service,30.21,,,,,,,,,,,,,needs_full_build_rules
w1374133799,,service,13.36,,,,,,yes,,,,,,,needs_full_build_rules
w1374133800,,service,11.28,,,,,,yes,,yes,-1,,,,tunnel_excluded
w1374133801,,service,11.84,,,,,,yes,,,,,,,needs_full_build_rules
w1374133802,,service,12.32,,,,,,yes,,yes,-1,,,,tunnel_excluded
w1374133809,,pedestrian,150.81,,,,,,,,,,,,,needs_full_build_rules
w1374133822,,service,31.4,,,,,,,,,,,,,needs_full_build_rules
w1374671569,,service,12.69,,,,,,,,,,,,,needs_full_build_rules
w1374671575,,service,151.73,,,,,,,,,,,,,needs_full_build_rules
w1374671578,,service,23.86,,,,,,,,,,,,,needs_full_build_rules
w1374671579,,service,29.64,,,,,,,,,,,,,needs_full_build_rules
w1374671589,,service,13.47,,,,,,,,,,,,,needs_full_build_rules
w1374671609,,service,16.57,,,,,,,,,,,,,needs_full_build_rules
w1374671610,,service,16.46,,,,,,yes,,,,,,,needs_full_build_rules
w1374671611,,service,4.92,,,,,,yes,,yes,-1,,,,tunnel_excluded
w1374671612,,service,9.17,,,,,,,,yes,-1,,,,tunnel_excluded
w1445405483,,service,3.48,,,,,,yes,,building_passage,,,,,needs_full_build_rules
