id,status,best_osm_id,best_iou,overlap_with_osm_union,area_m2,area_inside_roi_m2,sources,height,num_floors
78e05137-918e-4a49-9dd3-2b841929e39e,new_candidate,,0,0.0,26.99,26.99,doi:10.5281/zenodo.8174931,,
20dad2f5-73f2-4975-a9f2-3304d96a73e4,matched,w982038001,1.0,1.0,787.79,787.79,OpenStreetMap,,
8afa1482-a45d-44d8-a049-ad1cf6013510,matched,w982037998,1.0,1.0,417.77,417.77,OpenStreetMap,,
2c04d1c2-0968-4d2b-ba3d-4bd7c22b4185,matched,w982037997,1.0,1.0,469.03,469.03,OpenStreetMap,,
e8475e9b-b0b1-4f62-948e-f313c3adc210,matched,w982038002,1.0,1.0,634.41,634.41,OpenStreetMap,,
eac8aaa2-79f1-4f19-b7ad-068eb2c0377a,matched,w1191446837,1.0,1.0,1037.98,1037.98,OpenStreetMap,,
8fc2d7b7-a1c8-45c1-90e2-d4625d6d9381,matched,w1191446839,1.0,1.0,532.38,532.38,OpenStreetMap,,1
0fc8432a-ebd3-4350-ac51-1a5c7687fefe,matched,w338885560,1.0,1.0,1006.33,1006.33,OpenStreetMap,,
ca9a1811-e768-45e0-a47c-87f818f82305,matched,w982037784,1.0,1.0,3887.84,3887.84,OpenStreetMap,,6
ead434b3-b39c-41f1-825b-2bafa44aa084,matched,w509641361,1.0,1.0,315.86,315.86,OpenStreetMap,,1
fae485e5-c60c-4712-bafd-77ac35afb15a,matched,w352610327,1.0,1.0,2089.81,2089.81,OpenStreetMap,,8
eac52fcd-f176-4c3b-a216-f3806f4bb6d4,new_candidate,,0,0.0,107.92,107.92,doi:10.5281/zenodo.8174931,,
2d1333b9-9435-49f4-a121-5772ccc12f81,matched,w1494392652,1.0,1.0,487.7,487.7,OpenStreetMap,,
f7d7376a-ba09-4ec9-8d2b-d69082e46f23,new_candidate,,0,0.0,243.71,243.71,doi:10.5281/zenodo.8174931,,
25d1cdd8-d1a8-417c-8d3b-54a86036a9b1,matched,w791257923,1.0,1.0,16191.68,16191.68,OpenStreetMap,,3
02648706-bd1a-4fda-8eb4-2157781822cb,matched,w1191446835,1.0,1.0,280.38,280.38,OpenStreetMap,,
24ee457f-1131-4b3e-a3d4-f36b024407a8,matched,w942148230,1.0,1.0,1265.21,1265.21,OpenStreetMap,,4
1047a55d-91eb-4cb8-8799-2f8c64974593,matched,w352610268,1.0,1.0,863.31,863.31,OpenStreetMap,,5
e8aded3c-09c7-404d-8059-1b368d44d35d,matched,w352610296,1.0,1.0,781.3,781.3,OpenStreetMap,,5
c41a6398-e8b2-4167-9ff0-97865c9de276,matched,w352610263,1.0,1.0,672.48,672.48,OpenStreetMap,,
43d9cf75-cff0-4a02-980f-4b9b080fbc97,new_candidate,,0,0.0,346.41,346.41,doi:10.5281/zenodo.8174931,,
1e02e440-6362-4008-b351-375891ddf82d,matched,w352610265,1.0,1.0,549.5,549.5,OpenStreetMap,,3
31563385-60f8-407a-90f8-34ee241b12e2,matched,w352610286,1.0,1.0,641.29,641.29,OpenStreetMap,,4
bc4e6c82-a3dc-4da8-a550-3ff146e096fb,matched,w1530552889,1.0,1.0,22.48,22.48,OpenStreetMap,,4
17d9bd2e-6c4a-4256-89e3-152cef0a190b,matched,w352610329,1.0,1.0,1432.92,1432.92,OpenStreetMap,,4
82accf66-6716-4e63-904c-4770280a3e00,matched,w1494392653,1.0,1.0,493.95,493.95,OpenStreetMap,,3
c296e1b3-d678-4bc5-ae74-480aadb78497,matched,w942148037,1.0,1.0,547.12,547.12,OpenStreetMap,,7
6de6f9f6-0737-4768-9463-b4424143bad3,matched,w942147730,1.0,1.0,662.29,662.29,OpenStreetMap,,5
b73d2d92-00ef-4b0c-ab7f-ce8b435985f8,matched,w942148038,1.0,1.0,55.81,55.81,OpenStreetMap,,
b1db8226-3090-44ac-8407-a7228afe0a0c,matched,w352610273,1.0,1.0,720.47,720.47,OpenStreetMap,,
ac75458c-9ca2-47a8-867f-aaaa8cdbc65f,matched,w956516991,1.0,1.0,520.54,520.54,OpenStreetMap,,
9197e9d4-c45a-49e6-9195-30ea0260e3f6,matched,w956516987,1.0,1.0,394.28,394.28,OpenStreetMap,,
3d48a5df-e6e7-41ab-8576-48f66644128b,matched,w956516990,1.0,1.0,524.86,524.86,OpenStreetMap,,
1b5a0658-db6a-4681-8b08-7dfc5ce9d310,matched,w956516986,1.0,1.0,106.94,106.94,OpenStreetMap,,
a1b12292-bc44-46a4-9ff3-ede713bd594f,matched,w956516989,1.0,1.0,540.96,540.96,OpenStreetMap,,4
43d2b817-f0c1-4b65-aabd-e91a694cfb17,matched,w956516988,1.0,1.0,422.38,422.38,OpenStreetMap,,
0118fde6-75eb-47ed-9583-1ab7f8903bc3,matched,w352610288,1.0,1.0,827.0,827.0,OpenStreetMap,,3
c0ef6a40-abe9-437c-a650-edd7dd36b388,matched,w982457852,1.0,1.0,162.27,162.27,OpenStreetMap,,2
3d80012e-5a23-4be2-8bdb-65d7ad669b7d,matched,w982457851,1.0,1.0,819.34,819.34,OpenStreetMap,,1
8c5359b1-2d92-4b2c-a0aa-20666105c923,matched,w352610323,1.0,1.0,959.75,959.75,OpenStreetMap,,
101f889e-8143-4039-ab7a-c8ac5cda8bc3,matched,w942152101,1.0,1.0,726.41,726.41,OpenStreetMap,,
3f76c910-9b2f-4f4d-9de7-0055029ce708,matched,w352610292,1.0,1.0,893.6,893.6,OpenStreetMap,,
ffaaa5fc-6ce3-46cd-89ba-0a59fa9cb5df,new_candidate,,0,0.0,148.41,148.41,doi:10.5281/zenodo.8174931,,
aefddbb8-1aec-4505-877f-38beba754843,new_candidate,,0,0.0,50.62,50.62,doi:10.5281/zenodo.8174931,,
bc93eec3-b0ef-4531-b8e4-9ae592b93920,matched,w352610282,1.0,1.0,2065.64,2065.64,OpenStreetMap,,
8f0636d7-3b38-4724-bb8c-3e090f71e82d,matched,w352610315,1.0,1.0,401.23,401.23,OpenStreetMap,,2
60ae196f-7578-4fa6-be47-8eec2c05674d,matched,w352610309,1.0,1.0,802.05,802.05,OpenStreetMap,,3
be5aee04-4b6f-42f9-80d3-eddd3ec35dcf,new_candidate,,0,0.0,36.02,36.02,doi:10.5281/zenodo.8174931,,
a1aa3e93-94c0-4599-a2b8-ceceeaba4a0c,matched,w352610312,1.0,1.0,1107.45,1107.45,OpenStreetMap,,4
843ed5d3-d178-404d-b073-5ce2b37a5e5a,matched,w352610271,1.0,1.0,335.04,335.04,OpenStreetMap,,
506e385d-efda-4f6d-af11-58d4ec23c70d,matched,w352610319,1.0,1.0,481.38,481.38,OpenStreetMap,,
bcaf8c2a-4e43-4baa-ad9b-f55bbd1d022f,new_candidate,,0,0.0,67.46,67.46,doi:10.5281/zenodo.8174931,,
4943596c-3f38-4342-883d-4e252da06f41,new_candidate,,0,0.0,134.86,134.86,doi:10.5281/zenodo.8174931,,
a2604f5a-8d87-401b-80c7-c256cf60ae05,new_candidate,,0,0.0,107.85,107.85,doi:10.5281/zenodo.8174931,,
f521fe97-c06d-4b27-ad04-f7489e174367,matched,w352610274,1.0,1.0,896.86,896.86,OpenStreetMap,,
deaf6b12-6ff4-4425-85eb-b38b3dba1fe1,matched,w352610316,1.0,1.0,592.72,592.72,OpenStreetMap,,
bfd15d40-46cc-4ff2-9954-35c464bd024b,matched,w352610276,1.0,1.0,446.35,446.35,OpenStreetMap,,
7f3c2a54-ad66-43f8-9126-8432cb935656,matched,w352610291,1.0,1.0,1027.24,1027.24,OpenStreetMap,,
f5ac5cf6-495d-49cb-bcfd-fa04cf1aa7c9,new_candidate,,0,0.0,15.75,15.75,doi:10.5281/zenodo.8174931,,
270d8127-43d5-4f68-a30b-284c7dfc5cc1,matched,w352610278,1.0,1.0,462.01,462.01,OpenStreetMap,,3
ef5c19c2-4e70-4d82-8fd4-6779908149b5,matched,w352610287,1.0,1.0,545.22,545.22,OpenStreetMap,,2
cf480fda-f887-4b70-badb-ff917244aebe,matched,w352610300,1.0,1.0,187.24,187.24,OpenStreetMap,,3
29918454-9834-4c93-8778-bf369ef801d8,matched,w942151829,1.0,1.0,821.59,821.59,OpenStreetMap,,
a765047c-6669-4777-bf21-2149fd88ce7e,matched,w982037996,1.0,1.0,684.38,684.38,OpenStreetMap,,3
3f535edb-f1dd-47b0-9ece-633c14d0a0f5,matched,w791257924,1.0,1.0,890.57,890.57,OpenStreetMap,,
803fd982-f0cb-4d50-8b5c-363aae607c75,matched,w791257922,1.0,1.0,890.57,890.57,OpenStreetMap,,
ec8547cc-aa73-4f1f-ab70-c7a5ffb2dd41,matched,w956517223,1.0,1.0,217.63,217.63,OpenStreetMap,,
cb0dad33-b9ba-4b64-b626-ffdb981beb98,matched,w956517227,1.0,1.0,169.39,169.39,OpenStreetMap,,
dcda1567-cd3b-4e43-8329-612d09b0f95a,matched,w956517225,1.0,1.0,343.39,343.39,OpenStreetMap,,
c69d6164-b2e0-4916-8f94-e5eefcd1704a,matched,w942151828,1.0,1.0,521.43,521.43,OpenStreetMap,,3
4506f6d7-1d44-4b6f-804c-930a5d3d34fb,matched,w942152076,1.0,1.0,468.61,468.61,OpenStreetMap,,
7cc5cd67-6145-4e25-82b8-3ec8ee2d5957,new_candidate,,0,0.0,75.22,75.22,doi:10.5281/zenodo.8174931,,
81924d1f-a345-449a-a6de-38660e8f0e6a,matched,w509641362,1.0,1.0,432.4,432.4,OpenStreetMap,,
a15460bd-0880-42e5-89b3-5080241a4eeb,matched,w982038000,1.0,1.0,170.0,170.0,OpenStreetMap,,
589f9b2a-8124-4dbc-bb39-8124f6b50a29,matched,w982037999,1.0,1.0,187.12,187.12,OpenStreetMap,,
cabb194f-a77d-41fe-b291-5874a786b908,matched,w956517226,1.0,1.0,280.4,280.4,OpenStreetMap,,
848454d5-bac9-4192-83f0-86c4d31111b6,matched,w956517222,1.0,1.0,235.52,235.52,OpenStreetMap,,2
f299a2fa-3edf-498f-84d9-bf79600cfbe9,matched,w352610303,1.0,1.0,609.64,609.64,OpenStreetMap,,
2581cd38-1214-4920-be81-d0bded755bfd,matched,w956517224,1.0,1.0,411.99,411.99,OpenStreetMap,,
6eaa0894-b9f7-4395-be50-fbb21dcb4791,matched,w1319844941,1.0,1.0,106.38,106.38,OpenStreetMap,,1
d87d3b32-11fc-42c6-b8a9-2aa10fc295b8,matched,w932443717,1.0,1.0,3938.75,1065.27,OpenStreetMap,,14
89ceccab-6368-45af-b290-755a464bcf41,matched,w932444079,1.0,1.0,2477.46,0.28,OpenStreetMap,,1
a8eade40-00d9-44ec-aa0c-67ecad15831b,new_candidate,,0,0.0,329.36,151.36,doi:10.5281/zenodo.8174931,,
d16154b8-0b74-46ef-a3d2-4ab8f216d96a,new_candidate,,0,0.0,316.39,316.34,doi:10.5281/zenodo.8174931,,
11549e36-06ba-4ce3-b4b9-108e8bb9c010,matched,r19655434,0.8929,1.0,4577.59,14.03,OpenStreetMap,,
0df96fba-87bc-40fe-bf9e-a7b14dca8724,new_candidate,,0,0.0,94.64,94.64,doi:10.5281/zenodo.8174931,,
1e6218ae-0f4f-44ef-8219-aa719a77e151,matched,w355434644,1.0,1.0,604.47,604.47,OpenStreetMap,,
dcc867f8-20c2-48e9-8ef6-8fe32ab1a23e,new_candidate,,0,0.0,67.11,67.11,doi:10.5281/zenodo.8174931,,
7e3b9889-74a8-4367-b1e4-8a3d5225e417,matched,w1078864695,1.0,1.0,424.3,424.3,OpenStreetMap,,
43cb8cf8-198b-4933-b4fe-083706d97f47,matched,w934154749,1.0,1.0,2053.32,2053.32,OpenStreetMap,,7
6981cd5c-ad6f-44fa-afcb-adb39b95af52,matched,w934154750,1.0,1.0,986.05,971.36,OpenStreetMap,,10
a1a328e4-23db-4e25-9d34-572b76a812d9,matched,w934154748,1.0,1.0,2017.35,855.98,OpenStreetMap,,7
8a172017-b984-4794-90d8-0bb31da838f0,matched,w1311803376,1.0,1.0,341.05,341.05,OpenStreetMap,,1
734c5093-5938-4d3c-9b1b-75853d91db7e,new_candidate,,0,0.0,33.71,33.71,doi:10.5281/zenodo.8174931,,
47355820-5a3b-43d0-9406-20df4e938a42,new_candidate,,0,0.0,36.05,36.05,doi:10.5281/zenodo.8174931,,
27939e17-a217-480c-9c2b-0f9f072703d9,matched,w515400663,1.0,1.0,221.77,221.77,OpenStreetMap,,
3362c220-2a7b-4e44-8a5b-a9dc2012da4a,matched,w515400661,1.0,1.0,189.32,189.32,OpenStreetMap,,
7e817b67-1868-429f-9dfd-2a50b6be344d,matched,w515400662,1.0,1.0,70.85,70.85,OpenStreetMap,,
ea6a2108-c111-4ab5-8221-df6813166d48,matched,w352610281,1.0,1.0,591.14,591.14,OpenStreetMap,,
e07cfd00-167f-413d-8185-47de72275edc,matched,w515400664,1.0,1.0,232.78,232.78,OpenStreetMap,,
17c1a12d-334d-4355-bfbc-0f1e3ed74820,matched,w515400665,1.0,1.0,105.12,105.12,OpenStreetMap,,
506b0d79-90b9-4eb5-9101-5c97f9eb6b42,matched,w352610283,1.0,1.0,1478.44,1478.44,OpenStreetMap,,3
cd6a73d6-a321-466a-8898-8fff6794d370,matched,w982039991,1.0,1.0,195.05,195.05,OpenStreetMap,,3
1f068885-c770-4528-9045-daf1ed7ef03f,matched,w352610321,1.0,1.0,556.74,556.74,OpenStreetMap,,3
4da482f4-48f3-4da4-b95c-2e7d6e27b9ae,matched,w392765468,1.0,1.0,230.19,230.19,OpenStreetMap,,1
fc4c0ece-3897-4d1b-a03f-d3e771cff4c9,new_candidate,,0,0.0,13.19,13.19,doi:10.5281/zenodo.8174931,,
4ae5fc4a-95da-475c-bb42-7468df4347d1,matched,w352610318,1.0,1.0,1040.72,1040.72,OpenStreetMap,,
4bdfc527-904a-4075-9ce4-1629dc3d42a7,matched,w352610324,1.0,1.0,948.21,948.21,OpenStreetMap,,
d17d6a86-197c-41ea-a1b3-8c32b834c1ad,matched,w982458081,1.0,1.0,390.79,390.79,OpenStreetMap,,
f9c007c8-6b69-4300-9066-28ab71222473,matched,w982458082,1.0,1.0,432.91,432.91,OpenStreetMap,,
fa6313ce-7869-4614-9edc-7b932e7bca79,matched,w982458085,1.0,1.0,381.48,381.48,OpenStreetMap,,
7df0fc6b-c87c-457a-b8f7-2349b10f1f44,matched,w1518044190,1.0,1.0,2145.13,2145.13,OpenStreetMap,,2
784d3c9e-862f-4a97-b45f-1ce4def015f9,new_candidate,,0,0.0,20.24,20.24,doi:10.5281/zenodo.8174931,,
d6bb4f0b-e50f-49d6-9c35-096c1707aeee,matched,w352610330,1.0,1.0,1048.93,1048.93,OpenStreetMap,,5
cbd04bfe-a995-4d8c-b911-adaaba6169a0,matched,w352610314,1.0,1.0,1059.73,1059.73,OpenStreetMap,,3
f0f9d6eb-0f10-45a4-87fc-73eb5aba5483,matched,w352610299,1.0,1.0,435.27,435.27,OpenStreetMap,,2
79a7e5c2-3217-4f33-94df-cbf461d5ab40,new_candidate,,0,0.0,58.52,58.52,doi:10.5281/zenodo.8174931,,
366068c3-e49e-4139-aa6d-87f85d59e258,matched,w982371453,1.0,1.0,189.45,189.45,OpenStreetMap,,2
0b6a3c8e-5597-4250-8969-0e765336c6d7,matched,w352610322,1.0,1.0,679.04,679.04,OpenStreetMap,,3
5d2b2a87-8fd9-4ebb-b4b4-998d5b1ac174,matched,w982458084,1.0,1.0,98.76,98.76,OpenStreetMap,,
1b356550-490c-4ca6-9990-ff66d18b6302,matched,w352610301,1.0,1.0,578.73,578.73,OpenStreetMap,,
0b2e9e07-ff4f-4ebf-9399-c22f10cfe8d1,matched,w1521332868,1.0,1.0,216.13,216.13,OpenStreetMap,,1
349a1f70-f48d-4e84-a520-0f16b5b8d7d1,new_candidate,,0,0.0,38.97,38.97,doi:10.5281/zenodo.8174931,,
845f6437-d1ed-4c81-8e2c-5813eceedcc9,new_candidate,,0,0.0,38.31,38.31,doi:10.5281/zenodo.8174931,,
d9cb37b3-8e75-41ba-a769-866bf98f146f,matched,w982458080,1.0,1.0,333.96,333.96,OpenStreetMap,,
f5c9943a-b0f8-4a31-a283-841563280039,matched,w515401364,1.0,1.0,468.31,468.31,OpenStreetMap,,
b9ed5425-03c4-4765-8cb0-3686e78d354f,matched,w352610284,1.0,1.0,553.06,553.06,OpenStreetMap,,
71e83498-517c-440e-a690-d8a596eae553,matched,w982458086,1.0,1.0,201.72,201.72,OpenStreetMap,,
3972fe88-79a9-4d92-9e12-968453ca77b4,matched,w352610295,1.0,1.0,222.88,222.88,OpenStreetMap,,
ec7770f7-5142-4f9f-8217-08c39261c755,matched,w982458087,1.0,1.0,215.71,215.71,OpenStreetMap,,
3ee39fc0-3683-4a8c-bfb2-5d21bd20e35f,matched,w982458083,1.0,1.0,70.4,70.4,OpenStreetMap,,
4d4aeea1-e20f-4510-8352-fc81c049e811,matched,w982458079,1.0,1.0,202.34,202.34,OpenStreetMap,,
9c57fead-6845-4cd6-8eac-248e6cfe6f08,matched,w352610311,1.0,1.0,627.94,627.94,OpenStreetMap,,
002fcfc3-fdd3-42b0-a933-487c314bcc91,matched,w352610259,1.0,1.0,1150.97,1150.97,OpenStreetMap,,
e096b2b4-aa56-410f-8059-9528fe794ce9,matched,w352610294,1.0,1.0,819.24,819.24,OpenStreetMap,,2
47186c4c-4bf5-43c8-988a-2e8471162ddb,matched,w352610320,1.0,1.0,541.6,541.6,OpenStreetMap,,3
0c97d81f-4754-4263-a55b-994a8bcbfd1b,matched,w352610260,1.0,1.0,981.88,981.88,OpenStreetMap,,2
c2ec996e-f9ca-4070-a0f3-78e166ca074c,matched,w352610258,1.0,1.0,1014.45,1014.45,OpenStreetMap,,4
a8228049-14eb-489f-9f39-8e92cd069103,matched,w352610266,1.0,1.0,414.01,414.01,OpenStreetMap,,
a992add7-7078-461d-8be6-1aabc0b967ae,matched,w352610289,1.0,1.0,262.03,262.03,OpenStreetMap,,
aa4bf2a9-cc2e-4900-b6a1-bbca8296980e,matched,w352610326,1.0,1.0,251.53,251.53,OpenStreetMap,,2
b568ba9c-f77c-4573-a32f-f9508dbc0834,matched,w352610308,1.0,1.0,419.16,419.16,OpenStreetMap,,
2756108a-03a2-4b6b-a8e1-510643833199,matched,w352610328,1.0,1.0,661.21,661.21,OpenStreetMap,,5
2889b0a8-54ca-4ea6-b452-0296c21a49fd,matched,w352610262,1.0,1.0,737.94,737.94,OpenStreetMap,,4
57e7a939-e9ba-49f9-83b9-cfc247c649ee,matched,w352610264,1.0,1.0,551.32,551.32,OpenStreetMap,,4
01e48533-262e-4ea3-be75-31d045fe3da4,matched,w982042246,1.0,1.0,373.95,373.95,OpenStreetMap,,4
04d714c1-9adf-465c-b5ed-7a622c2571f9,matched,w982042348,1.0,1.0,949.76,949.76,OpenStreetMap,,3
c08ef736-9dc5-47c7-9386-09bf46ee91b3,matched,w352610257,1.0,1.0,2915.76,2915.76,OpenStreetMap,,5
e6905d36-8ef3-4592-a677-ae5b248c2184,new_candidate,,0,0.0,17.94,17.94,doi:10.5281/zenodo.8174931,,
67acdec8-34b2-4ad7-8c6d-cabf64dac05d,matched,w1311803375,1.0,1.0,340.41,340.41,OpenStreetMap,,
29380d72-62cb-4e20-b2c6-963a4f11e819,matched,w982042347,1.0,1.0,340.16,340.16,OpenStreetMap,,4
b9e0cbaa-1953-47f4-bf29-33b67a9845e0,new_candidate,,0,0.0,202.39,202.39,doi:10.5281/zenodo.8174931,,
99d605fd-9917-4191-bccf-82217f9c98fb,new_candidate,,0,0.0,31.56,31.56,doi:10.5281/zenodo.8174931,,
9cbbb2e1-22e6-4c9a-8387-305b7f7c3765,matched,w942149624,1.0,1.0,175.76,175.76,OpenStreetMap,,5
40e82226-b022-43bb-9107-2b9f78067ffb,matched,w942148904,1.0,1.0,338.58,338.58,OpenStreetMap,,2
6ff87b70-15e8-4476-b1d9-74488c14a0f7,matched,w942149625,1.0,1.0,317.72,317.72,OpenStreetMap,,3
4e2d866b-2302-46cc-9fe3-4466652fa744,new_candidate,,0,0.0,116.05,116.05,doi:10.5281/zenodo.8174931,,
5ca979bc-df1c-4d33-a3fa-7e7f64d650e6,new_candidate,,0,0.0,789.2,789.2,doi:10.5281/zenodo.8174931,,
54c3670b-04f9-4961-9d14-868362d103c8,new_candidate,,0,0.0,2133.73,2133.73,doi:10.5281/zenodo.8174931,,
a7e04add-ec52-439e-a3cb-4921d51e6eab,matched,w509641349,1.0,1.0,295.72,295.72,OpenStreetMap,,2
d63a0833-351b-4bac-aa0e-25bea92ab068,matched,w509641346,1.0,1.0,378.11,378.11,OpenStreetMap,,
28c8f92c-07d3-468f-85ba-ce779556072e,matched,w352610275,1.0,1.0,396.88,396.88,OpenStreetMap,,
c140fcbf-61fa-4e01-8710-07891c285a16,matched,w352610317,1.0,1.0,1500.74,1500.74,OpenStreetMap,,
602c00ef-2c98-4736-9e4a-7eee84df277a,new_candidate,,0,0.0,316.96,316.96,doi:10.5281/zenodo.8174931,,
f6aec271-8a35-42e8-9c12-3c1f5feff185,new_candidate,,0,0.0,104.91,104.91,doi:10.5281/zenodo.8174931,,
f6ea55b4-766c-4f66-bc42-2d0ddee7e0c7,new_candidate,,0,0.0,265.97,265.97,doi:10.5281/zenodo.8174931,,
63c28d4b-39cc-46bd-8e68-e8288a09d87a,matched,w352610269,1.0,1.0,435.66,435.66,OpenStreetMap,,
4a4d0c05-fc58-44a3-962e-e7d27ee9003c,matched,w352610277,1.0,1.0,514.18,514.18,OpenStreetMap,,
141970c7-7a04-41e5-ba82-a1eda0a0b2ed,new_candidate,,0,0.0,39.8,39.8,doi:10.5281/zenodo.8174931,,
d42e002b-e5e9-471a-b05b-8c4e32edd03d,new_candidate,,0,0.0,115.59,115.59,doi:10.5281/zenodo.8174931,,
43fc6be4-d8d7-4af8-93f6-a773b541e007,new_candidate,,0,0.0,177.33,177.33,doi:10.5281/zenodo.8174931,,
89dc16e1-47d9-44a9-abf9-796140d092b8,matched,w509641343,1.0,1.0,54.4,54.4,OpenStreetMap,,
9c80a32a-db72-4bc2-b898-1706da4e5cd8,matched,w352610261,1.0,1.0,635.34,635.34,OpenStreetMap,,
a689c0c3-ff94-486b-8110-d45b35533ce6,matched,w352610267,1.0,1.0,130.43,130.43,OpenStreetMap,,
d10556a2-848a-4553-9ebd-0624cb34e95d,matched,w352610325,1.0,1.0,631.02,631.02,OpenStreetMap,,
4be00a54-4e66-4929-bf42-c1d9b0963845,matched,w352610307,1.0,1.0,165.07,165.07,OpenStreetMap,,
9df4981f-c70f-4c99-a3c1-16490348467f,new_candidate,,0,0.0,20.27,20.27,doi:10.5281/zenodo.8174931,,
6d3080fd-4a9b-465b-a3b7-fd85a81cbd01,matched,w352610293,1.0,1.0,608.54,608.54,OpenStreetMap,,
aa1c8860-d86f-4faa-92c3-510954cde573,matched,w352610302,1.0,1.0,510.69,510.69,OpenStreetMap,,
81454289-55f7-49b1-acb3-895dd5bc2726,matched,w352610306,1.0,1.0,311.28,311.28,OpenStreetMap,,4
e58f28c2-7779-4c6a-9b9b-789d1956000b,matched,w982039502,1.0,1.0,364.01,364.01,OpenStreetMap,,2
6e9bb986-9e24-4e56-a1ae-0a8247120135,matched,w352610304,1.0,1.0,265.16,265.16,OpenStreetMap,,4
11a3de1e-7e55-4b99-8925-41822645705b,new_candidate,,0,0.0,54.02,54.02,doi:10.5281/zenodo.8174931,,
14fb0504-abfc-4c77-9685-7f0838beeefa,new_candidate,,0,0.0,346.36,346.36,doi:10.5281/zenodo.8174931,,
8f060423-7c31-4d01-9a6c-0851ea2b9b4b,matched,w352610310,1.0,1.0,183.66,183.66,OpenStreetMap,,
8d57a7e6-005c-4052-a27f-2ae645d13f44,matched,w352610313,1.0,1.0,351.53,351.53,OpenStreetMap,,
c6f19779-4be0-49b1-8841-5c2c3004c9c3,new_candidate,,0,0.0,45.0,45.0,doi:10.5281/zenodo.8174931,,
2b0531db-6f37-42fe-bcab-e6de068818b3,matched,w352610279,1.0,1.0,595.93,595.93,OpenStreetMap,,
558a96ae-4d82-451f-8775-7283cf03287e,new_candidate,,0,0.0,36.01,36.01,doi:10.5281/zenodo.8174931,,
e70e913f-5d83-42a8-8eab-a0c3439e916d,new_candidate,,0,0.0,46.47,46.47,doi:10.5281/zenodo.8174931,,
49225327-ca09-421c-8e21-f9204af4b1a0,matched,w509641341,1.0,1.0,512.35,512.35,OpenStreetMap,,
ca9d454a-8ea9-4b23-bbc3-87734c011b7d,matched,w352610272,1.0,1.0,689.38,689.38,OpenStreetMap,,2
c37126f4-6575-42ad-b272-6a2bd8ab6570,matched,w982039450,1.0,1.0,597.26,597.26,OpenStreetMap,,3
d938e0f4-a596-42ed-9b1e-2788ece2b13d,matched,w932725418,1.0,1.0,634.71,585.36,OpenStreetMap,,20
43a9ed87-965d-47d2-93b5-4cbd8712242b,matched,w946720116,1.0,1.0,516.31,424.42,OpenStreetMap,,12
f3c13cb1-2fef-4e09-9be0-e4324eb82705,new_candidate,,0,0.0,33.73,25.31,doi:10.5281/zenodo.8174931,,
82a90ca5-8ebb-4435-9013-4761f0c17d75,matched,w932717800,1.0,1.0,919.75,7.62,OpenStreetMap,,15
fa379e4e-84b6-40d1-a219-58032e18dab9,matched,w946720117,1.0,1.0,1640.39,3.12,OpenStreetMap,,5
2ea5ebd6-82c5-48e3-8601-f3ce20301b9a,matched,w946728429,1.0,1.0,1451.12,554.81,OpenStreetMap,,12
d8b84967-8fa5-4958-860e-a7e6d8e59277,matched,w527295764,1.0,1.0,4385.58,2035.76,OpenStreetMap,,6
