sourceId,state,sample,name,address,levelsTag,photoCount,streetFacadeM2
osm:w352610258,detailed,B2,东风汇理银行旧址,沙面一街3,4,0,1386.3
osm:w509641361,detailed,C01,基督教沙面会堂,沙面南街60,1,0,1096.3
osm:w352610288,detailed,C02,,沙面大街56,3,1,963.5
osm:w352610312,detailed,C07,万宝楼,沙面大街46,4,1,948.9
osm:w392765468,detailed,B3,天主教路德堂,沙面大街14,1,1,942.6
osm:w352610299,detailed,C15,,沙面大街38,2,1,578.6
osm:w352610315,detailed,C08,星巴克,沙面大街50/52,2,1,342.8
osm:w352610322,detailed,B1,台湾银行广州支行(日)旧址,沙面大街26,3,1,319.8
osm:w352610278,detailed,C09,洛士利洋行旧址,沙面大街62,3,1,262.4
osm:w352610287,detailed,C13,,沙面大街64,2,1,189.1
osm:w982457852,detailed,C14,,沙面大街58,2,1,67.7
osm:w352610273,photo-and-address,,,沙面大街59,,1,783.8
osm:w1191446839,photo-and-address,,,沙面大街69,1,1,583.1
osm:w352610283,photo-and-address,,海关宿舍,沙面大街6,3,1,463.5
osm:w352610265,photo-and-address,,渣打银行旧址,沙面大街49,3,1,452.2
osm:w352610309,photo-and-address,,旗昌洋行旧址,沙面大街48,3,1,325.4
osm:w352610300,photo-and-address,,,沙面五街4,3,1,283.1
osm:w982457851,photo-and-address,,广州俱乐部旧址,沙面大街60,1,1,241.8
osm:w352610260,photo-and-address,,,沙面大街29,2,1,163.0
osm:w1518044190,identity-only,,广东胜利宾馆,沙面北街53,2,0,3933.4
osm:w352610327,identity-only,,广州海关,沙面大街67,8,0,3292.3
osm:w352610329,identity-only,,,沙面大街53,4,0,747.1
osm:w982458085,identity-only,,沙面游泳幼儿园,,,0,668.5
osm:w352610284,identity-only,,沙面广州医药集团有限公司,,,0,600.2
osm:w352610272,identity-only,,旧摩罗叉公寓,,2,0,503.5
osm:w352610325,identity-only,,广东外事博物馆,,,0,480.9
osm:w1494392653,identity-only,,,沙面四街8,3,0,460.6
osm:w352610264,identity-only,,广东侨胞宾馆,,4,0,370.0
osm:w352610262,identity-only,,广东悦海宾馆,,4,0,350.8
osm:w352610308,identity-only,,旧泰国人俱乐部,,,0,301.7
osm:w982039991,identity-only,,,沙面大街8,3,0,237.7
osm:w982458082,identity-only,,漫豪思酒店,,,0,234.9
osm:w352610320,identity-only,,英国医院&招商局,,3,0,230.4
osm:w352610286,identity-only,,,沙面大街51,4,0,221.6
osm:w352610295,identity-only,,阅江楼艺术馆茶肆,,,0,106.4
osm:w1521332868,identity-only,,,沙面大街32,1,0,65.9
osm:w982371453,identity-only,,,沙面大街32,2,0,57.1
osm:w338885560,identity-only,,原美国领事馆大楼,,,0,0.0
osm:w791257923,outline-only,,,,3,0,15309.7
osm:w352610282,outline-only,,,,,0,3717.1
osm:w352610257,outline-only,,,,5,0,3336.4
osm:w982037784,outline-only,,,,6,0,2902.2
osm:w942147730,outline-only,,,,5,0,1172.2
osm:w352610296,outline-only,,,,5,0,1148.1
osm:w982039450,outline-only,,,,3,0,1143.0
osm:w352610293,outline-only,,,,,0,1099.8
osm:w352610330,outline-only,,,,5,0,1018.4
osm:w352610324,outline-only,,,,,0,1014.0
osm:w352610261,outline-only,,,,,0,1008.1
osm:w1191446837,outline-only,,,,,0,1007.9
osm:w352610292,outline-only,,,,,0,928.3
osm:w352610259,outline-only,,,,,0,910.5
osm:w509641341,outline-only,,,,,0,907.2
osm:w942151829,outline-only,,,,,0,876.3
osm:w982042348,outline-only,,,,3,0,847.6
osm:w352610263,outline-only,,,,,0,778.3
osm:w791257924,outline-only,,,,,0,683.7
osm:w352610314,outline-only,,,,3,0,662.1
osm:w352610276,outline-only,,,,,0,645.6
osm:w956516989,outline-only,,,,4,0,615.5
osm:w942152076,outline-only,,,,,0,580.3
osm:w352610275,outline-only,,,,,0,533.7
osm:w509641346,outline-only,,,,,0,526.5
osm:w942148230,outline-only,,,,4,0,522.2
osm:w352610317,outline-only,,,,,0,511.6
osm:w352610302,outline-only,,,,,0,466.9
osm:w352610318,outline-only,,,,,0,449.0
osm:w509641362,outline-only,,,,,0,414.2
osm:w352610303,outline-only,,,,,0,412.2
osm:w352610277,outline-only,,,,,0,403.4
osm:w352610294,outline-only,,,,2,0,401.4
osm:w352610328,outline-only,,,,5,0,400.9
osm:w982039502,outline-only,,,,2,0,399.1
osm:w515400663,outline-only,,,,,0,398.9
osm:w352610268,outline-only,,,,5,0,395.5
osm:w956516991,outline-only,,,,,0,388.7
osm:w352610323,outline-only,,,,,0,388.3
osm:w352610279,outline-only,,,,,0,378.9
osm:w956517222,outline-only,,,,2,0,378.7
osm:w352610269,outline-only,,,,,0,375.9
osm:w956517224,outline-only,,,,,0,371.5
osm:w942149625,outline-only,,,,3,0,369.0
osm:w956517226,outline-only,,,,,0,367.9
osm:w942149624,outline-only,,,,5,0,342.8
osm:w956516988,outline-only,,,,,0,334.0
osm:w942148037,outline-only,,,,7,0,325.1
osm:w982042246,outline-only,,,,4,0,324.5
osm:w352610304,outline-only,,,,4,0,314.5
osm:w791257922,outline-only,,,,,0,294.5
osm:w352610301,outline-only,,,,,0,288.6
osm:w1494392652,outline-only,,,,,0,285.9
osm:w942148904,outline-only,,,,2,0,283.6
osm:w352610291,outline-only,,,,,0,282.9
osm:w352610311,outline-only,,,,,0,273.3
osm:w352610316,outline-only,,,,,0,265.4
osm:w352610306,outline-only,,,,4,0,265.3
osm:w352610321,outline-only,,,,3,0,261.0
osm:w942152101,outline-only,,,,,0,250.7
osm:w352610271,outline-only,,,,,0,249.7
osm:w352610274,outline-only,,,,,0,247.2
osm:w982037996,outline-only,,,,3,0,245.2
osm:w352610266,outline-only,,,,,0,242.8
osm:w509641349,outline-only,,,,2,0,235.7
osm:w515400661,outline-only,,,,,0,233.4
osm:w982458086,outline-only,,,,,0,225.5
osm:w515401364,outline-only,,,,,0,220.2
osm:w352610281,outline-only,,,,,0,214.0
osm:w352610319,outline-only,,,,,0,213.0
osm:w982038000,outline-only,,,,,0,192.2
osm:w1191446835,outline-only,,,,,0,168.4
osm:w1311803375,outline-only,,,,,0,166.4
osm:w942148038,outline-only,,,,,0,159.9
osm:w956516987,outline-only,,,,,0,153.3
osm:w1311803376,outline-only,,,,1,0,153.2
osm:w515400664,outline-only,,,,,0,150.0
osm:w942151828,outline-only,,,,3,0,145.7
osm:w352610267,outline-only,,,,,0,138.7
osm:w982458081,outline-only,,,,,0,133.7
osm:w352610289,outline-only,,,,,0,123.2
osm:w352610310,outline-only,,,,,0,105.0
osm:w352610326,outline-only,,,,2,0,71.7
osm:w982037999,outline-only,,,,,0,59.3
osm:w1530552889,outline-only,,,,4,0,58.6
osm:w515400662,outline-only,,,,,0,53.7
osm:w509641343,outline-only,,,,,0,53.6
osm:w352610307,outline-only,,,,,0,0.0
osm:w352610313,outline-only,,,,,0,0.0
osm:w515400665,outline-only,,,,,0,0.0
osm:w956516986,outline-only,,,,,0,0.0
osm:w956516990,outline-only,,,,,0,0.0
osm:w956517223,outline-only,,,,,0,0.0
osm:w956517225,outline-only,,,,,0,0.0
osm:w956517227,outline-only,,,,,0,0.0
osm:w982037997,outline-only,,,,,0,0.0
osm:w982037998,outline-only,,,,,0,0.0
osm:w982038001,outline-only,,,,,0,0.0
osm:w982038002,outline-only,,,,,0,0.0
osm:w982042347,outline-only,,,,4,0,0.0
osm:w982458079,outline-only,,,,,0,0.0
osm:w982458080,outline-only,,,,,0,0.0
osm:w982458083,outline-only,,,,,0,0.0
osm:w982458084,outline-only,,,,,0,0.0
osm:w982458087,outline-only,,,,,0,0.0
osm:w1319844941,outline-only,,,,1,0,0.0
